1;A3410;Карликовая планета;1946;2.948;913
2;A4256;Звезда;1939;7.953;581
3;A3157;Экзопланета;1970;7.289;901
4;A4318;Газовый гигант;1939;8.229;661
5;A704;Карликовая планета;1947;8.244;130
6;A1646;Карликовая планета;1947;5.16;776
7;A1176;Экзопланета;1942;1.428;863
8;A2959;Звезда;1928;3.285;571
9;A2127;Газовый гигант;1941;8.511;254
10;A4684;Планета земного типа;1970;2.948;872
11;A1009;Ледяной гигант;1937;5.194;927
12;A2715;Карликовая планета;1952;8.307;680
13;A2439;Карликовая планета;1941;5.849;652
14;A2963;Звезда;1947;5.935;895
15;A3973;Звезда;1977;1.541;187
16;A2272;Планета земного типа;1933;3.819;383
17;A700;Карликовая планета;1928;8.937;495
18;A2909;Звезда;1942;8.485;655
19;A4698;Звезда;1929;5.27;690
20;A1877;Ледяной гигант;1969;3.23;115
21;A2028;Планета земного типа;1933;9.336;471
22;A175;Звезда;1944;5.719;209
23;A4475;Экзопланета;1972;6.832;700
24;A2442;Звезда;1927;7.226;719
25;A8;Экзопланета;1942;9.301;113
26;A3422;Газовый гигант;1973;9.457;687
27;A1785;Экзопланета;1948;5.524;326
28;A3670;Газовый гигант;1949;9.567;792
29;A3624;Газовый гигант;1944;2.508;520
30;A1514;Экзопланета;1971;1.697;93
31;A2519;Звезда;1971;7.387;79
32;A4716;Карликовая планета;1975;3.993;339
33;A1751;Газовый гигант;1966;2.052;184
34;A2579;Карликовая планета;1932;5.7;85
35;A4433;Газовый гигант;1980;8.8;691
36;A3808;Ледяной гигант;1929;6.136;159
37;A2884;Ледяной гигант;1944;8.77;95
38;A4515;Экзопланета;1926;3.011;459
39;A4274;Планета земного типа;1946;7.408;112
40;A1168;Ледяной гигант;1950;4.449;530
41;A3274;Карликовая планета;1935;5.992;452
42;A392;Планета земного типа;1933;2.826;430
43;A267;Газовый гигант;1964;4.558;17
44;A3468;Экзопланета;1931;1.61;715
45;A3500;Ледяной гигант;1927;8.603;212
46;A2477;Газовый гигант;1951;6.469;456
47;A1925;Экзопланета;1933;2.325;649
48;A259;Ледяной гигант;1926;3.035;572
49;A3042;Карликовая планета;1955;5.119;466
50;A974;Звезда;1925;3.063;691
51;A3878;Ледяной гигант;1922;9.352;117
52;A3923;Экзопланета;1932;7.488;25
53;A2665;Экзопланета;1961;9.353;803
54;A1161;Планета земного типа;1957;6.109;401
55;A2955;Планета земного типа;1950;3.244;438
56;A2139;Ледяной гигант;1968;6.997;644
57;A3408;Звезда;1925;7.732;596
58;A4622;Ледяной гигант;1966;5.582;228
59;A4918;Ледяной гигант;1940;7.663;233
60;A2064;Карликовая планета;1977;7.163;245
61;A113;Экзопланета;1977;8.119;499
62;A1101;Карликовая планета;1971;4.369;175
63;A3385;Карликовая планета;1958;9.557;12
64;A92;Планета земного типа;1939;6.347;440
65;A3699;Ледяной гигант;1953;1.326;988
66;A1429;Экзопланета;1944;3.171;389
67;A1568;Газовый гигант;1938;5.032;906
68;A3267;Газовый гигант;1926;5.248;582
69;A1862;Звезда;1947;9.347;259
70;A630;Ледяной гигант;1978;1.728;922
71;A2527;Ледяной гигант;1925;2.399;755
72;A1631;Экзопланета;1959;1.374;649
73;A639;Ледяной гигант;1946;3.498;134
74;A1021;Экзопланета;1956;8.602;565
75;A1656;Звезда;1961;9.763;458
76;A2893;Экзопланета;1975;6.066;930
77;A1681;Планета земного типа;1959;8.802;154
78;A2298;Ледяной гигант;1922;1.474;948
79;A485;Карликовая планета;1946;5.137;191
80;A4745;Карликовая планета;1938;2.614;89
81;A4877;Экзопланета;1956;9.794;756
82;A2826;Ледяной гигант;1963;3.613;424
83;A4492;Экзопланета;1932;2.513;423
84;A1473;Экзопланета;1954;2.841;337
85;A505;Планета земного типа;1931;9.631;982
86;A3986;Ледяной гигант;1961;8.619;205
87;A1981;Ледяной гигант;1924;3.84;719
88;A3350;Экзопланета;1973;6.601;234
89;A4783;Газовый гигант;1930;9.902;2
90;A4683;Звезда;1952;9.937;437
91;A1554;Планета земного типа;1950;9.428;510
92;A3137;Газовый гигант;1963;6.122;76
93;A3123;Ледяной гигант;1922;8.79;76
94;A4420;Экзопланета;1940;1.655;718
95;A3484;Ледяной гигант;1957;8.985;295
96;A205;Планета земного типа;1931;7.881;565
97;A2801;Газовый гигант;1933;5.042;969
98;A2343;Карликовая планета;1947;4.762;817
99;A1619;Звезда;1921;5.892;158
100;A1851;Планета земного типа;1940;8.014;338
101;A1641;Звезда;1931;3.23;932
102;A2523;Карликовая планета;1956;3.939;387
103;A2325;Планета земного типа;1952;9.068;601
104;A589;Карликовая планета;1937;2.23;597
105;A4812;Экзопланета;1940;2.292;267
106;A363;Газовый гигант;1925;8.18;292
107;A74;Карликовая планета;1962;1.983;554
108;A463;Звезда;1920;9.111;14
109;A1791;Планета земного типа;1962;8.338;130
110;A717;Звезда;1978;4.445;211
111;A1279;Экзопланета;1930;7.806;29
112;A1987;Карликовая планета;1979;5.359;753
113;A399;Газовый гигант;1930;8.907;547
114;A2345;Карликовая планета;1936;2.746;549
115;A1083;Ледяной гигант;1946;2.267;44
116;A3127;Ледяной гигант;1921;4.508;389
117;A3240;Ледяной гигант;1963;9.119;157
118;A2049;Звезда;1964;6.526;952
119;A2344;Карликовая планета;1968;9.364;603
120;A2383;Ледяной гигант;1968;9.757;370
121;A2455;Газовый гигант;1946;5.83;461
122;A2809;Экзопланета;1934;1.987;850
123;A660;Газовый гигант;1966;9.068;51
124;A307;Ледяной гигант;1975;1.932;614
125;A1358;Планета земного типа;1921;4.716;889
126;A2206;Ледяной гигант;1939;2.105;478
127;A823;Газовый гигант;1967;2.569;57
128;A3732;Карликовая планета;1966;6.731;688
129;A1435;Планета земного типа;1978;1.396;33
130;A2659;Планета земного типа;1930;1.947;581
131;A4094;Экзопланета;1954;5.125;873
132;A2873;Газовый гигант;1964;4.476;963
133;A116;Ледяной гигант;1948;6.987;11
134;A724;Звезда;1962;2.099;393
135;A4674;Газовый гигант;1980;4.964;215
136;A2196;Экзопланета;1929;8.878;622
137;A3843;Экзопланета;1923;4.811;816
138;A204;Карликовая планета;1941;4.653;754
139;A1693;Звезда;1923;3.499;634
140;A169;Звезда;1946;9.417;312
141;A4398;Ледяной гигант;1973;9.338;161
142;A2699;Экзопланета;1955;1.31;5
143;A3872;Карликовая планета;1952;7.992;54
144;A203;Карликовая планета;1934;7.721;305
145;A2882;Экзопланета;1971;5.768;559
146;A216;Планета земного типа;1961;5.496;51
147;A1342;Карликовая планета;1920;8.367;81
148;A3549;Планета земного типа;1972;4.425;377
149;A945;Карликовая планета;1959;6.819;379
150;A4322;Карликовая планета;1924;3.27;75
151;A4936;Экзопланета;1967;7.818;337
152;A1433;Ледяной гигант;1945;8.279;345
153;A1864;Экзопланета;1940;4.864;111
154;A75;Звезда;1956;8.527;134
155;A2516;Газовый гигант;1956;7.941;652
156;A2498;Карликовая планета;1943;7.262;191
157;A847;Экзопланета;1941;7.442;562
158;A2949;Карликовая планета;1958;4.153;229
159;A3781;Звезда;1967;9.648;862
160;A1506;Ледяной гигант;1960;8.838;886
161;A2148;Звезда;1966;8.431;264
162;A3061;Ледяной гигант;1939;8.439;514
163;A3656;Звезда;1943;3.966;274
164;A2835;Звезда;1943;4.016;155
165;A298;Экзопланета;1937;7.124;134
166;A3101;Ледяной гигант;1964;8.004;98
167;A1868;Газовый гигант;1936;8.922;60
168;A4526;Планета земного типа;1920;3.482;40
169;A1892;Планета земного типа;1938;3.199;980
170;A708;Планета земного типа;1953;2.161;262
171;A1546;Карликовая планета;1963;2.093;291
172;A1968;Карликовая планета;1941;4.823;73
173;A4160;Экзопланета;1967;7.824;2
174;A281;Звезда;1948;8.315;49
175;A1057;Звезда;1977;7.327;798
176;A3056;Планета земного типа;1930;1.775;827
177;A181;Звезда;1944;8.874;952
178;A3638;Ледяной гигант;1975;5.028;671
179;A519;Экзопланета;1922;2.795;169
180;A31;Ледяной гигант;1931;6.677;897
181;A2966;Ледяной гигант;1955;9.047;3
182;A170;Планета земного типа;1977;9.419;362
183;A2245;Экзопланета;1924;9.802;470
184;A3525;Звезда;1957;8.693;983
185;A4313;Ледяной гигант;1936;2.982;301
186;A2903;Газовый гигант;1940;6.666;966
187;A496;Карликовая планета;1932;4.673;490
188;A2954;Экзопланета;1977;2.543;67
189;A1570;Планета земного типа;1955;6.841;875
190;A3769;Планета земного типа;1966;8.936;970
191;A4350;Планета земного типа;1958;2.292;107
192;A3952;Карликовая планета;1956;9.786;533
193;A2957;Газовый гигант;1928;2.155;736
194;A465;Планета земного типа;1928;1.869;532
195;A795;Карликовая планета;1933;6.342;36
196;A935;Звезда;1940;3.982;94
197;A4871;Звезда;1928;6.541;235
198;A878;Карликовая планета;1977;5.294;870
199;A2615;Звезда;1978;5.82;736
200;A4012;Экзопланета;1964;9.029;105
201;A224;Ледяной гигант;1973;5.699;459
202;A4859;Планета земного типа;1928;6.796;345
203;A3163;Карликовая планета;1951;9.051;539
204;A1140;Ледяной гигант;1943;7.547;784
205;A565;Звезда;1952;2.814;232
206;A2273;Экзопланета;1964;6.94;779
207;A1464;Экзопланета;1958;3.934;389
208;A403;Карликовая планета;1929;8.111;948
209;A2813;Экзопланета;1966;4.742;809
210;A3153;Экзопланета;1947;3.373;589
211;A4720;Звезда;1953;9.238;913
212;A166;Планета земного типа;1953;3.682;289
213;A1052;Звезда;1953;4.966;583
214;A840;Газовый гигант;1970;7.807;237
215;A4635;Экзопланета;1973;3.206;922
216;A3345;Ледяной гигант;1928;5.659;121
217;A3556;Газовый гигант;1951;5.068;820
218;A1911;Ледяной гигант;1979;3.151;607
219;A2588;Звезда;1942;7.855;934
220;A1777;Звезда;1921;6.323;687
221;A755;Звезда;1967;1.431;55
222;A346;Звезда;1976;7.662;287
223;A2129;Карликовая планета;1979;8.125;971
224;A4803;Карликовая планета;1930;3.771;304
225;A3365;Планета земного типа;1941;4.199;272
226;A58;Газовый гигант;1975;8.579;204
227;A757;Ледяной гигант;1976;1.514;835
228;A162;Экзопланета;1930;7.785;834
229;A1717;Экзопланета;1959;2.556;683
230;A3884;Звезда;1946;3.723;420
231;A1583;Ледяной гигант;1979;4.845;322
232;A2074;Планета земного типа;1956;3.392;700
233;A4895;Планета земного типа;1977;4.768;340
234;A914;Планета земного типа;1942;5.218;65
235;A4820;Карликовая планета;1928;4.625;1000
236;A4455;Экзопланета;1965;8.203;481
237;A3891;Экзопланета;1927;6.287;686
238;A1085;Ледяной гигант;1967;4.272;850
239;A2007;Планета земного типа;1936;9.159;794
240;A1636;Газовый гигант;1927;9.658;878
241;A4636;Газовый гигант;1955;9.324;214
242;A3955;Ледяной гигант;1955;6.203;520
243;A1874;Карликовая планета;1934;5.394;295
244;A564;Карликовая планета;1923;6.985;603
245;A4608;Планета земного типа;1976;3.463;223
246;A4763;Газовый гигант;1976;3.975;810
247;A905;Планета земного типа;1926;6.938;520
248;A4611;Планета земного типа;1923;6.147;907
249;A1668;Карликовая планета;1937;8.49;466
250;A4619;Ледяной гигант;1933;9.162;53
251;A4190;Газовый гигант;1961;5.858;133
252;A23;Звезда;1969;8.869;223
253;A3844;Карликовая планета;1956;9.349;701
254;A3286;Экзопланета;1979;2.509;732
255;A3351;Звезда;1951;3.33;703
256;A712;Газовый гигант;1953;1.86;180
257;A4928;Ледяной гигант;1930;5.87;124
258;A4383;Газовый гигант;1965;4.895;154
259;A637;Экзопланета;1923;4.963;607
260;A608;Газовый гигант;1945;1.689;452
261;A1972;Экзопланета;1947;5.526;219
262;A3113;Ледяной гигант;1920;1.482;418
263;A1817;Экзопланета;1974;2.368;792
264;A3036;Планета земного типа;1947;4.137;902
265;A3261;Экзопланета;1943;9.47;10
266;A832;Карликовая планета;1939;8.352;481
267;A423;Газовый гигант;1980;1.958;602
268;A4248;Звезда;1926;4.894;542
269;A2409;Экзопланета;1934;3.291;454
270;A123;Экзопланета;1974;3.495;119
271;A3361;Газовый гигант;1961;4.067;616
272;A2518;Ледяной гигант;1941;6.548;408
273;A2009;Газовый гигант;1963;2.156;471
274;A3633;Планета земного типа;1933;5.237;116
275;A2091;Звезда;1941;4.159;944
276;A1321;Звезда;1930;5.972;799
277;A4540;Карликовая планета;1925;3.217;924
278;A3832;Экзопланета;1935;2.538;834
279;A3692;Ледяной гигант;1967;7.404;470
280;A4452;Газовый гигант;1965;8.342;687
281;A486;Экзопланета;1973;5.831;139
282;A4884;Экзопланета;1930;8.141;935
283;A3005;Ледяной гигант;1934;9.42;363
284;A1973;Экзопланета;1961;2.163;981
285;A4039;Планета земного типа;1947;2.758;80
286;A4985;Экзопланета;1964;2.176;995
287;A3069;Ледяной гигант;1949;8.197;280
288;A1699;Карликовая планета;1931;9.27;66
289;A3446;Звезда;1973;6.041;514
290;A4465;Звезда;1979;1.768;160
291;A106;Экзопланета;1933;9.842;328
292;A2421;Газовый гигант;1961;9.028;648
293;A909;Звезда;1920;6.445;931
294;A1612;Карликовая планета;1937;6.415;655
295;A3855;Ледяной гигант;1944;1.365;217
296;A4002;Звезда;1943;9.836;103
297;A2471;Планета земного типа;1928;6.041;918
298;A1458;Ледяной гигант;1934;4.365;370
299;A2726;Газовый гигант;1926;5.213;121
300;A2364;Карликовая планета;1970;9.771;712
301;A2097;Карликовая планета;1950;7.056;89
302;A4523;Планета земного типа;1944;1.814;933
303;A370;Экзопланета;1926;3.162;230
304;A1376;Экзопланета;1972;6.154;802
305;A3993;Газовый гигант;1959;2.945;843
306;A2967;Экзопланета;1931;2.512;26
307;A977;Планета земного типа;1920;7.346;783
308;A4628;Звезда;1939;4.559;359
309;A1130;Планета земного типа;1928;4.163;196
310;A2647;Газовый гигант;1937;2.701;287
311;A4297;Газовый гигант;1941;8.619;998
312;A1190;Ледяной гигант;1974;5.53;355
313;A186;Газовый гигант;1971;5.385;842
314;A3970;Ледяной гигант;1921;1.303;147
315;A943;Карликовая планета;1969;8.04;868
316;A4427;Карликовая планета;1924;7.368;787
317;A4141;Экзопланета;1972;5.206;710
318;A4618;Экзопланета;1978;6.798;225
319;A4828;Звезда;1943;6.771;282
320;A4506;Ледяной гигант;1926;1.521;813
321;A3882;Ледяной гигант;1923;6.564;516
322;A3336;Планета земного типа;1976;7.153;170
323;A2788;Карликовая планета;1930;8.716;194
324;A2393;Звезда;1953;4.566;184
325;A586;Карликовая планета;1961;5.676;106
326;A3702;Карликовая планета;1950;3.655;478
327;A4236;Газовый гигант;1936;3.282;649
328;A2024;Звезда;1969;2.946;224
329;A1402;Экзопланета;1934;6.823;561
330;A1295;Ледяной гигант;1966;6.188;206
331;A2223;Звезда;1949;1.565;645
332;A2599;Экзопланета;1956;2.311;443
333;A458;Звезда;1938;3.723;826
334;A1024;Газовый гигант;1952;4.668;217
335;A1827;Карликовая планета;1938;1.553;976
336;A144;Экзопланета;1931;5.701;262
337;A147;Ледяной гигант;1937;7.403;300
338;A2657;Ледяной гигант;1979;3.289;306
339;A238;Экзопланета;1937;5.079;886
340;A3455;Экзопланета;1972;9.28;825
341;A3551;Экзопланета;1925;5.934;840
342;A1505;Ледяной гигант;1925;1.975;138
343;A3940;Планета земного типа;1934;4.456;328
344;A4413;Планета земного типа;1953;8.541;964
345;A4564;Карликовая планета;1953;1.736;800
346;A3445;Карликовая планета;1943;9.326;421
347;A2980;Ледяной гигант;1923;2.509;795
348;A200;Звезда;1979;9.9;321
349;A4049;Звезда;1939;8.287;356
350;A3400;Планета земного типа;1938;5.895;359
351;A1915;Газовый гигант;1929;4.612;749
352;A111;Экзопланета;1920;5.012;637
353;A1292;Экзопланета;1937;1.483;289
354;A636;Карликовая планета;1962;8.469;554
355;A2767;Звезда;1977;6.371;367
356;A4590;Звезда;1924;9.563;41
357;A4435;Ледяной гигант;1930;2.397;999
358;A1282;Ледяной гигант;1955;5.416;496
359;A3981;Экзопланета;1927;1.761;898
360;A1523;Газовый гигант;1974;7.936;749
361;A595;Звезда;1973;7.102;725
362;A3495;Экзопланета;1939;1.743;932
363;A2776;Планета земного типа;1938;5.114;146
364;A1853;Планета земного типа;1961;3.418;67
365;A1064;Звезда;1956;9.138;314
366;A3897;Звезда;1928;4.053;4
367;A1721;Звезда;1951;6.247;554
368;A538;Газовый гигант;1937;8.124;561
369;A3574;Экзопланета;1944;4.915;616
370;A3022;Планета земного типа;1930;4.841;120
371;A4319;Экзопланета;1969;7.239;370
372;A3775;Газовый гигант;1934;8.306;685
373;A2356;Ледяной гигант;1949;7.307;49
374;A4149;Экзопланета;1950;4.624;11
375;A4933;Карликовая планета;1938;5.088;718
376;A1449;Ледяной гигант;1920;7.615;421
377;A919;Экзопланета;1928;7.517;885
378;A1072;Планета земного типа;1944;2.533;304
379;A404;Звезда;1974;3.691;168
380;A2512;Планета земного типа;1930;3.934;943
381;A1610;Планета земного типа;1924;9.108;940
382;A1465;Планета земного типа;1921;5.966;432
383;A488;Ледяной гигант;1954;5.877;654
384;A2309;Газовый гигант;1954;8.851;999
385;A1392;Карликовая планета;1962;7.16;762
386;A3886;Газовый гигант;1964;3.862;263
387;A1351;Газовый гигант;1927;7.569;929
388;A3269;Экзопланета;1927;5.148;414
389;A4368;Планета земного типа;1935;1.691;495
390;A85;Экзопланета;1948;7.446;300
391;A994;Планета земного типа;1922;3.502;587
392;A2263;Экзопланета;1936;8.831;627
393;A2396;Карликовая планета;1927;1.524;679
394;A3932;Экзопланета;1927;2.702;181
395;A322;Газовый гигант;1955;3.514;262
396;A2859;Карликовая планета;1970;3.166;642
397;A1810;Газовый гигант;1964;6.323;897
398;A1245;Планета земного типа;1932;8.905;493
399;A612;Экзопланета;1950;3.096;259
400;A79;Планета земного типа;1970;8.29;742
401;A4267;Экзопланета;1979;6.422;61
402;A3260;Звезда;1966;3.718;359
403;A4074;Планета земного типа;1977;5.097;90
404;A1194;Ледяной гигант;1945;4.098;791
405;A1945;Газовый гигант;1924;3.072;895
406;A4066;Экзопланета;1970;1.45;743
407;A3655;Экзопланета;1965;8.25;662
408;A1797;Экзопланета;1926;1.739;636
409;A2840;Ледяной гигант;1977;5.764;6
410;A1823;Звезда;1921;6.293;503
411;A4583;Звезда;1968;5.549;947
412;A688;Ледяной гигант;1955;2.583;471
413;A1835;Карликовая планета;1963;7.867;263
414;A3062;Газовый гигант;1979;9.677;102
415;A2690;Карликовая планета;1953;8.618;729
416;A1686;Карликовая планета;1975;3.934;126
417;A2548;Планета земного типа;1972;7.709;101
418;A3000;Звезда;1945;8.503;395
419;A1012;Газовый гигант;1957;2.927;267
420;A3227;Звезда;1936;5.033;592
421;A3209;Карликовая планета;1921;1.368;457
422;A4273;Планета земного типа;1964;4.895;229
423;A2392;Экзопланета;1939;9.533;8
424;A482;Ледяной гигант;1965;9.248;843
425;A2706;Планета земного типа;1955;8.531;774
426;A2271;Газовый гигант;1952;4.544;478
427;A860;Экзопланета;1958;8.981;276
428;A4550;Звезда;1937;7.161;671
429;A4107;Карликовая планета;1948;2.65;459
430;A1328;Экзопланета;1957;4.052;254
431;A3513;Звезда;1975;7.989;619
432;A2531;Экзопланета;1963;1.767;240
433;A771;Планета земного типа;1939;5.758;445
434;A4137;Планета земного типа;1947;8.292;902
435;A2940;Экзопланета;1922;4.131;38
436;A2916;Газовый гигант;1953;7.171;748
437;A2649;Газовый гигант;1951;3.821;950
438;A127;Экзопланета;1973;3.573;560
439;A2224;Звезда;1932;5.62;706
440;A2417;Звезда;1962;8.324;625
441;A2125;Газовый гигант;1934;9.963;869
442;A1127;Карликовая планета;1939;6.086;888
443;A4363;Экзопланета;1937;6.905;697
444;A2490;Газовый гигант;1925;2.345;649
445;A4553;Планета земного типа;1934;3.933;693
446;A4080;Экзопланета;1932;6.825;488
447;A3599;Звезда;1922;2.672;758
448;A4482;Ледяной гигант;1958;7.518;957
449;A3570;Экзопланета;1948;3.909;201
450;A2296;Звезда;1949;6.858;445
451;A4901;Газовый гигант;1963;6.862;462
452;A812;Планета земного типа;1945;7.573;887
453;A2842;Карликовая планета;1924;5.502;203
454;A2532;Ледяной гигант;1946;1.618;739
455;A26;Планета земного типа;1943;1.751;997
456;A3116;Газовый гигант;1979;1.878;864
457;A599;Планета земного типа;1954;5.498;668
458;A1503;Звезда;1952;8.298;302
459;A2905;Планета земного типа;1944;2.832;855
460;A3715;Ледяной гигант;1949;9.051;614
461;A3424;Планета земного типа;1930;3.616;35
462;A2;Карликовая планета;1965;6.609;354
463;A2511;Газовый гигант;1959;5.283;609
464;A2441;Ледяной гигант;1976;6.62;340
465;A3278;Экзопланета;1936;9.225;712
466;A514;Звезда;1975;3.629;813
467;A933;Звезда;1937;3.019;496
468;A4007;Экзопланета;1929;4.028;999
469;A4719;Ледяной гигант;1971;3.18;639
470;A3099;Звезда;1922;8.712;963
471;A1996;Карликовая планета;1938;9.081;821
472;A1257;Карликовая планета;1946;5.862;701
473;A1268;Карликовая планета;1965;4.668;112
474;A3057;Ледяной гигант;1934;4.89;538
475;A96;Планета земного типа;1980;8.222;351
476;A4620;Ледяной гигант;1928;1.764;234
477;A2509;Газовый гигант;1976;3.541;775
478;A325;Планета земного типа;1965;9.284;654
479;A254;Ледяной гигант;1962;7.583;720
480;A2816;Газовый гигант;1950;8.19;638
481;A4613;Газовый гигант;1944;9.453;106
482;A2849;Ледяной гигант;1956;6.271;506
483;A4677;Экзопланета;1957;8.481;853
484;A2425;Экзопланета;1939;7.551;792
485;A1672;Ледяной гигант;1966;8.576;848
486;A2034;Звезда;1946;9.273;398
487;A2214;Ледяной гигант;1961;6.25;4
488;A2123;Планета земного типа;1937;7.269;311
489;A4993;Ледяной гигант;1969;2.122;679
490;A4271;Газовый гигант;1940;9.341;450
491;A4853;Экзопланета;1923;2.825;466
492;A2678;Ледяной гигант;1933;2.521;89
493;A3626;Экзопланета;1932;9.228;832
494;A1254;Планета земного типа;1955;5.943;737
495;A2387;Экзопланета;1955;5.345;678
496;A3682;Экзопланета;1960;9.076;336
497;A3072;Карликовая планета;1926;1.815;535
498;A4076;Звезда;1964;8.295;247
499;A3242;Планета земного типа;1932;9.183;807
500;A4962;Газовый гигант;1951;8.983;914
501;A208;Экзопланета;1978;3.489;641
502;A1993;Планета земного типа;1971;2.523;741
503;A2674;Экзопланета;1950;4.051;848
504;A1420;Звезда;1979;5.425;855
505;A1936;Планета земного типа;1938;6.594;38
506;A1527;Звезда;1972;4.577;264
507;A105;Ледяной гигант;1941;4.724;66
508;A4971;Ледяной гигант;1943;7.004;140
509;A4131;Карликовая планета;1969;5.198;809
510;A3818;Экзопланета;1941;6.082;632
511;A2156;Звезда;1929;5.937;102
512;A4836;Карликовая планета;1952;5.923;117
513;A1275;Карликовая планета;1921;4.058;341
514;A3649;Экзопланета;1976;9.585;824
515;A2619;Экзопланета;1949;2.842;73
516;A4652;Карликовая планета;1968;2.926;791
517;A4881;Карликовая планета;1945;3.295;236
518;A1971;Ледяной гигант;1934;1.792;696
519;A396;Планета земного типа;1973;2.238;565
520;A3603;Ледяной гигант;1969;4.24;820
521;A2361;Планета земного типа;1933;1.744;861
522;A2337;Планета земного типа;1944;6.557;665
523;A3312;Звезда;1957;1.565;690
524;A1483;Звезда;1980;4.05;387
525;A2159;Карликовая планета;1922;2.498;185
526;A283;Ледяной гигант;1980;7.769;171
527;A1702;Планета земного типа;1930;2.664;794
528;A536;Звезда;1937;7.083;847
529;A3171;Звезда;1965;9.244;771
530;A4022;Карликовая планета;1921;4.648;140
531;A2750;Ледяной гигант;1947;8.94;866
532;A4167;Ледяной гигант;1954;7.138;130
533;A167;Карликовая планета;1920;2.417;903
534;A443;Карликовая планета;1980;4.884;681
535;A4495;Планета земного типа;1978;7.484;961
536;A4096;Ледяной гигант;1944;2.489;313
537;A2371;Планета земного типа;1952;9.332;865
538;A4253;Карликовая планета;1922;8.525;202
539;A2443;Планета земного типа;1970;3.807;670
540;A452;Экзопланета;1944;2.045;414
541;A1191;Ледяной гигант;1929;2.069;410
542;A1575;Экзопланета;1979;5.586;704
543;A3013;Экзопланета;1920;7.61;186
544;A4749;Экзопланета;1921;5.387;623
545;A1045;Планета земного типа;1932;6.048;590
546;A4462;Экзопланета;1930;9.24;216
547;A3255;Звезда;1973;4.662;89
548;A1769;Карликовая планета;1964;4.61;71
549;A3985;Планета земного типа;1955;9.068;604
550;A2128;Карликовая планета;1942;6.734;86
551;A4926;Карликовая планета;1928;4.217;875
552;A4809;Звезда;1965;2.508;703
553;A2062;Ледяной гигант;1939;2.167;550
554;A1573;Звезда;1980;4.206;506
555;A4082;Карликовая планета;1939;3.071;271
556;A2143;Карликовая планета;1928;7.478;726
557;A2003;Планета земного типа;1978;8.508;817
558;A1819;Ледяной гигант;1944;2.206;72
559;A1007;Планета земного типа;1929;5.921;298
560;A1182;Звезда;1972;2.361;672
561;A769;Экзопланета;1966;2.786;549
562;A4441;Ледяной гигант;1966;2.646;779
563;A2368;Карликовая планета;1947;6.637;985
564;A3330;Планета земного типа;1965;8.541;99
565;A705;Карликовая планета;1980;5.264;258
566;A1649;Газовый гигант;1963;6.961;834
567;A3868;Ледяной гигант;1971;7.8;637
568;A3017;Карликовая планета;1964;6.782;248
569;A857;Карликовая планета;1928;3.985;419
570;A3033;Газовый гигант;1973;9.92;362
571;A1304;Звезда;1971;1.459;853
572;A4776;Звезда;1979;6.418;725
573;A685;Газовый гигант;1971;7.827;930
574;A851;Звезда;1953;6.579;692
575;A3783;Экзопланета;1950;6.854;115
576;A2165;Карликовая планета;1961;9.748;689
577;A1496;Карликовая планета;1930;8.768;448
578;A1256;Планета земного типа;1964;2.06;88
579;A2871;Планета земного типа;1944;3.867;57
580;A4732;Ледяной гигант;1950;6.272;533
581;A4528;Звезда;1953;8.047;571
582;A314;Звезда;1928;7.674;969
583;A557;Экзопланета;1980;2.889;831
584;A2758;Ледяной гигант;1920;6.403;787
585;A2812;Карликовая планета;1939;9.713;718
586;A4087;Карликовая планета;1955;6.55;774
587;A957;Экзопланета;1951;3.093;431
588;A2773;Планета земного типа;1927;2.097;230
589;A4053;Экзопланета;1978;5.968;611
590;A4316;Газовый гигант;1940;7.904;343
591;A3994;Газовый гигант;1934;9.052;625
592;A4885;Карликовая планета;1948;9.453;504
593;A3823;Планета земного типа;1960;2.943;879
594;A2995;Планета земного типа;1939;2.887;983
595;A3208;Экзопланета;1946;4.654;173
596;A4232;Экзопланета;1929;7.643;935
597;A2440;Экзопланета;1953;9.428;276
598;A1272;Газовый гигант;1939;1.354;628
599;A4676;Газовый гигант;1946;2.459;914
600;A2234;Звезда;1946;2.958;677
601;A2485;Экзопланета;1958;8.104;457
602;A4508;Газовый гигант;1944;4.119;500
603;A2486;Карликовая планета;1954;3.316;922
604;A1652;Ледяной гигант;1968;7.98;712
605;A2822;Звезда;1945;9.065;201
606;A481;Ледяной гигант;1969;9.896;329
607;A4774;Карликовая планета;1945;2.227;438
608;A1122;Карликовая планета;1942;2.549;909
609;A294;Планета земного типа;1953;7.191;888
610;A3295;Планета земного типа;1970;3.726;327
611;A1650;Планета земного типа;1933;4.289;794
612;A3444;Экзопланета;1958;8.992;337
613;A2514;Карликовая планета;1975;8.978;245
614;A1978;Планета земного типа;1948;6.14;142
615;A3164;Планета земного типа;1920;5.426;366
616;A1642;Карликовая планета;1930;1.873;207
617;A938;Газовый гигант;1933;8.976;93
618;A3735;Ледяной гигант;1928;8.724;655
619;A3521;Газовый гигант;1971;2.599;780
620;A418;Карликовая планета;1954;8.026;140
621;A532;Газовый гигант;1946;8.125;729
622;A2757;Газовый гигант;1951;4.435;48
623;A2277;Экзопланета;1950;9.301;247
624;A2395;Ледяной гигант;1969;8.801;842
625;A2872;Звезда;1923;2.457;266
626;A1326;Ледяной гигант;1970;4.329;694
627;A4478;Экзопланета;1959;2.855;203
628;A3383;Экзопланета;1973;1.356;621
629;A1700;Карликовая планета;1968;3.45;792
630;A4710;Экзопланета;1955;2.846;1
631;A4736;Карликовая планета;1940;7.976;404
632;A1131;Экзопланета;1963;1.902;466
633;A2712;Планета земного типа;1977;3.531;26
634;A2180;Планета земного типа;1946;4.147;586
635;A1715;Планета земного типа;1970;8.578;310
636;A4147;Карликовая планета;1938;2.417;202
637;A324;Звезда;1931;8.984;250
638;A1314;Звезда;1927;2.501;262
639;A348;Планета земного типа;1965;5.102;994
640;A2540;Карликовая планета;1966;5.746;57
641;A2310;Ледяной гигант;1980;9.039;638
642;A1249;Планета земного типа;1965;4.6;930
643;A1657;Экзопланета;1933;3.588;115
644;A3145;Ледяной гигант;1940;1.926;195
645;A4259;Карликовая планета;1971;4.178;196
646;A90;Газовый гигант;1948;7.374;682
647;A3206;Звезда;1971;9.042;602
648;A2941;Экзопланета;1969;4.566;58
649;A4856;Ледяной гигант;1965;8.311;927
650;A3600;Экзопланета;1964;9.533;194
651;A1902;Экзопланета;1961;8.29;965
652;A4606;Ледяной гигант;1942;9.24;352
653;A1385;Ледяной гигант;1970;2.15;286
654;A3852;Газовый гигант;1961;3.996;274
655;A73;Экзопланета;1962;4.389;869
656;A4882;Экзопланета;1959;9.898;756
657;A3674;Экзопланета;1949;3.418;937
658;A1665;Газовый гигант;1960;1.729;89
659;A1861;Ледяной гигант;1922;4.812;54
660;A993;Планета земного типа;1958;2.138;701
661;A3380;Планета земного типа;1964;8.815;519
662;A3582;Ледяной гигант;1930;7.971;185
663;A1673;Планета земного типа;1933;5.828;499
664;A3890;Планета земного типа;1975;6.547;984
665;A3797;Карликовая планета;1946;6.725;238
666;A929;Экзопланета;1945;4.644;37
667;A3700;Ледяной гигант;1924;7.212;973
668;A1895;Экзопланета;1979;6.018;707
669;A3529;Звезда;1958;5.892;743
670;A3739;Газовый гигант;1976;8.185;396
671;A2065;Карликовая планета;1937;7.034;111
672;A3409;Экзопланета;1928;2.485;906
673;A3933;Планета земного типа;1926;8.67;466
674;A976;Экзопланета;1927;5.425;494
675;A762;Планета земного типа;1966;9.177;898
676;A456;Планета земного типа;1947;3.601;379
677;A3764;Звезда;1927;1.712;650
678;A4890;Планета земного типа;1966;1.923;576
679;A4043;Экзопланета;1952;8.995;259
680;A4025;Газовый гигант;1947;2.692;336
681;A3956;Экзопланета;1951;5.327;97
682;A1509;Карликовая планета;1931;8.102;776
683;A4225;Газовый гигант;1967;1.395;311
684;A2467;Газовый гигант;1952;5.716;749
685;A110;Газовый гигант;1948;1.602;549
686;A1587;Карликовая планета;1935;9.107;428
687;A4300;Звезда;1946;9.178;619
688;A4545;Газовый гигант;1966;5.854;954
689;A907;Газовый гигант;1920;3.833;470
690;A1735;Карликовая планета;1932;6.658;168
691;A4496;Экзопланета;1935;5.742;765
692;A3325;Газовый гигант;1928;7.706;700
693;A4102;Звезда;1922;8.834;859
694;A2431;Звезда;1961;6.825;178
695;A446;Ледяной гигант;1920;3.014;463
696;A440;Ледяной гигант;1970;1.325;828
697;A1305;Экзопланета;1920;1.617;381
698;A1663;Экзопланета;1924;2.981;400
699;A1571;Карликовая планета;1920;4.778;982
700;A3845;Экзопланета;1937;5.38;788
701;A2547;Звезда;1973;9.163;422
702;A4842;Карликовая планета;1973;9.17;116
703;A1067;Экзопланета;1968;5.621;895
704;A2340;Ледяной гигант;1930;5.718;734
705;A2961;Газовый гигант;1942;8.396;426
706;A4261;Планета земного типа;1952;6.395;312
707;A2560;Экзопланета;1924;1.312;965
708;A2427;Ледяной гигант;1929;5.718;755
709;A1826;Планета земного типа;1928;4.394;923
710;A3370;Звезда;1958;8.266;809
711;A1944;Карликовая планета;1968;5.525;112
712;A4275;Ледяной гигант;1958;3.536;918
713;A2446;Экзопланета;1926;5.073;782
714;A221;Газовый гигант;1933;9.11;274
715;A2637;Карликовая планета;1979;2.048;92
716;A3637;Газовый гигант;1952;2.97;302
717;A1922;Экзопланета;1927;1.665;863
718;A349;Экзопланета;1976;3.122;834
719;A183;Планета земного типа;1954;7.471;871
720;A2479;Звезда;1980;2.444;518
721;A741;Ледяной гигант;1943;4.087;417
722;A2685;Газовый гигант;1978;6.954;615
723;A4808;Экзопланета;1929;1.486;64
724;A1779;Экзопланета;1949;8.072;790
725;A1508;Ледяной гигант;1968;4.866;957
726;A556;Экзопланета;1936;7.433;739
727;A130;Планета земного типа;1923;5.004;665
728;A4372;Карликовая планета;1953;2.875;648
729;A4944;Ледяной гигант;1962;3.11;297
730;A4897;Звезда;1969;2.474;156
731;A2912;Планета земного типа;1954;6.82;565
732;A3243;Ледяной гигант;1961;6.551;319
733;A1793;Звезда;1932;6.455;237
734;A3281;Звезда;1945;8.155;460
735;A2608;Звезда;1970;1.58;460
736;A856;Звезда;1936;5.265;497
737;A2457;Планета земного типа;1923;3.905;494
738;A4075;Планета земного типа;1942;9.902;871
739;A4641;Экзопланета;1950;9.728;488
740;A2157;Ледяной гигант;1954;4.267;303
741;A1186;Планета земного типа;1963;4.457;196
742;A4145;Карликовая планета;1932;2.123;797
743;A382;Карликовая планета;1942;2.364;261
744;A867;Планета земного типа;1952;9.743;714
745;A2259;Ледяной гигант;1951;2.175;262
746;A3776;Экзопланета;1922;8.21;978
747;A3041;Экзопланета;1938;4.863;345
748;A2015;Экзопланета;1941;1.586;870
749;A3871;Ледяной гигант;1962;9.129;997
750;A1580;Планета земного типа;1922;6.845;401
751;A2749;Звезда;1974;7.126;77
752;A537;Экзопланета;1939;9.486;798
753;A1188;Звезда;1966;5.358;903
754;A274;Газовый гигант;1936;4.322;866
755;A4656;Ледяной гигант;1958;7.003;511
756;A2494;Газовый гигант;1923;1.667;121
757;A4193;Ледяной гигант;1943;4.186;527
758;A261;Планета земного типа;1940;2.573;742
759;A270;Карликовая планета;1934;7.908;402
760;A3070;Карликовая планета;1978;5.953;617
761;A4448;Звезда;1936;2.899;353
762;A2667;Газовый гигант;1977;5.048;583
763;A4695;Ледяной гигант;1951;1.719;882
764;A355;Карликовая планета;1965;5.798;178
765;A4395;Газовый гигант;1968;5.557;277
766;A2881;Планета земного типа;1949;9.54;582
767;A2082;Звезда;1949;8.182;510
768;A4052;Экзопланета;1957;2.859;476
769;A1345;Карликовая планета;1928;9.951;77
770;A2562;Экзопланета;1946;4.287;522
771;A2806;Газовый гигант;1941;9.26;388
772;A265;Звезда;1980;9.751;547
773;A966;Планета земного типа;1974;3.707;694
774;A2192;Ледяной гигант;1935;5.891;192
775;A3809;Карликовая планета;1956;1.986;378
776;A3021;Экзопланета;1976;1.668;937
777;A509;Планета земного типа;1927;4.691;192
778;A4449;Газовый гигант;1948;7.674;88
779;A4481;Карликовая планета;1962;5.75;492
780;A3644;Газовый гигант;1967;7.526;907
781;A1589;Звезда;1939;6.577;771
782;A2305;Планета земного типа;1936;6.811;150
783;A2962;Планета земного типа;1961;2.859;809
784;A1166;Звезда;1959;5.084;538
785;A3194;Планета земного типа;1969;6.171;700
786;A649;Газовый гигант;1974;5.657;761
787;A1010;Экзопланета;1979;3.441;664
788;A2164;Газовый гигант;1945;2.046;718
789;A2390;Газовый гигант;1921;6.925;334
790;A2244;Карликовая планета;1972;4.103;439
791;A4863;Звезда;1942;9.314;841
792;A524;Планета земного типа;1930;8.753;581
793;A3503;Звезда;1939;4.393;958
794;A1094;Карликовая планета;1939;7.143;193
795;A3618;Карликовая планета;1926;7.824;854
796;A2923;Планета земного типа;1949;5.206;176
797;A2056;Газовый гигант;1964;9.835;672
798;A2346;Карликовая планета;1963;7.134;538
799;A4479;Экзопланета;1927;2.672;637
800;A2753;Экзопланета;1923;3.389;367
801;A1196;Карликовая планета;1929;4.263;286
802;A4519;Планета земного типа;1925;2.03;656
803;A433;Экзопланета;1949;8.738;493
804;A1003;Ледяной гигант;1975;8.36;818
805;A4360;Экзопланета;1978;7.0;899
806;A3052;Карликовая планета;1966;5.16;95
807;A2278;Экзопланета;1967;7.31;954
808;A364;Карликовая планета;1931;7.447;668
809;A3202;Экзопланета;1968;7.318;153
810;A1770;Газовый гигант;1960;5.582;991
811;A2366;Экзопланета;1961;2.844;617
812;A4675;Газовый гигант;1979;7.791;646
813;A4645;Ледяной гигант;1971;4.073;503
814;A2248;Ледяной гигант;1932;6.82;62
815;A3469;Ледяной гигант;1969;1.658;163
816;A1950;Планета земного типа;1928;1.504;987
817;A3088;Газовый гигант;1934;9.509;785
818;A2133;Экзопланета;1936;4.459;51
819;A2852;Планета земного типа;1949;6.149;274
820;A2856;Карликовая планета;1946;7.166;302
821;A141;Звезда;1960;1.751;892
822;A3465;Планета земного типа;1951;9.39;362
823;A3830;Карликовая планета;1950;4.163;601
824;A3677;Экзопланета;1931;2.644;103
825;A581;Звезда;1935;6.543;285
826;A296;Карликовая планета;1963;4.809;811
827;A3126;Звезда;1970;4.044;294
828;A605;Планета земного типа;1953;9.753;3
829;A1855;Экзопланета;1954;6.081;310
830;A187;Планета земного типа;1940;1.85;932
831;A1393;Планета земного типа;1956;2.896;39
832;A3119;Газовый гигант;1926;6.768;657
833;A3417;Ледяной гигант;1966;1.744;61
834;A944;Газовый гигант;1967;6.612;359
835;A128;Карликовая планета;1962;3.726;727
836;A4387;Экзопланета;1958;5.311;548
837;A1916;Звезда;1951;8.305;167
838;A1504;Экзопланета;1964;2.013;565
839;A3731;Планета земного типа;1978;5.841;359
840;A103;Газовый гигант;1953;3.407;438
841;A2237;Карликовая планета;1955;1.681;24
842;A4491;Планета земного типа;1971;5.1;663
843;A3141;Экзопланета;1949;9.479;382
844;A2574;Звезда;1970;3.48;526
845;A4556;Звезда;1945;7.588;231
846;A1383;Звезда;1947;9.247;350
847;A2904;Планета земного типа;1940;4.953;83
848;A2765;Карликовая планета;1968;6.205;536
849;A2208;Планета земного типа;1950;4.042;755
850;A2702;Карликовая планета;1962;3.477;347
851;A3814;Ледяной гигант;1964;8.003;616
852;A2021;Звезда;1977;6.766;764
853;A3857;Звезда;1951;8.719;902
854;A2162;Планета земного типа;1955;3.549;445
855;A4829;Карликовая планета;1947;5.868;646
856;A4891;Газовый гигант;1974;3.436;978
857;A2633;Планета земного типа;1942;9.782;170
858;A122;Газовый гигант;1930;6.156;512
859;A1467;Звезда;1948;4.875;454
860;A550;Планета земного типа;1954;2.48;331
861;A1778;Карликовая планета;1952;2.056;882
862;A1582;Экзопланета;1956;6.753;295
863;A3095;Газовый гигант;1980;7.005;667
864;A3404;Экзопланета;1972;1.301;269
865;A1112;Ледяной гигант;1939;8.928;210
866;A1953;Ледяной гигант;1978;4.049;831
867;A4336;Планета земного типа;1959;8.051;824
868;A1885;Газовый гигант;1942;9.397;807
869;A4070;Ледяной гигант;1954;9.299;95
870;A4742;Экзопланета;1928;8.947;126
871;A4034;Планета земного типа;1965;7.386;364
872;A371;Звезда;1954;3.83;729
873;A1670;Ледяной гигант;1966;2.984;344
874;A1500;Планета земного типа;1939;9.832;717
875;A1844;Газовый гигант;1939;9.192;364
876;A1637;Экзопланета;1969;6.703;209
877;A4373;Газовый гигант;1976;6.865;127
878;A1845;Газовый гигант;1954;1.85;769
879;A1285;Ледяной гигант;1951;7.694;706
880;A2880;Планета земного типа;1948;2.776;364
881;A3476;Планета земного типа;1980;9.81;549
882;A1141;Экзопланета;1957;3.983;525
883;A4272;Газовый гигант;1932;1.521;852
884;A4717;Карликовая планета;1926;2.841;266
885;A4476;Карликовая планета;1950;6.835;958
886;A3182;Ледяной гигант;1956;2.869;991
887;A2402;Планета земного типа;1968;6.21;296
888;A1286;Звезда;1921;8.034;478
889;A1951;Звезда;1969;5.12;794
890;A2897;Экзопланета;1964;4.622;81
891;A95;Звезда;1968;9.46;743
892;A4914;Планета земного типа;1934;9.856;851
893;A4220;Газовый гигант;1930;2.986;868
894;A2350;Карликовая планета;1940;1.776;294
895;A4134;Планета земного типа;1968;3.146;738
896;A2233;Газовый гигант;1932;9.8;732
897;A2814;Газовый гигант;1956;4.168;421
898;A1534;Планета земного типа;1926;1.799;798
899;A4505;Газовый гигант;1927;9.359;409
900;A2018;Газовый гигант;1940;3.488;662
901;A766;Карликовая планета;1950;6.346;102
902;A1952;Звезда;1954;1.455;827
903;A1107;Ледяной гигант;1972;1.761;913
904;A1696;Карликовая планета;1959;5.156;262
905;A4956;Газовый гигант;1951;6.864;663
906;A4370;Газовый гигант;1965;5.825;479
907;A4522;Газовый гигант;1943;3.472;834
908;A3329;Звезда;1940;8.13;242
909;A709;Звезда;1964;2.136;401
910;A2848;Газовый гигант;1958;6.172;104
911;A1834;Газовый гигант;1951;2.055;999
912;A4377;Ледяной гигант;1948;6.249;78
913;A4486;Звезда;1947;5.474;709
914;A118;Экзопланета;1937;8.466;748
915;A506;Газовый гигант;1933;8.488;198
916;A3023;Планета земного типа;1934;7.167;750
917;A3079;Карликовая планета;1975;1.831;847
918;A1143;Газовый гигант;1980;9.021;274
919;A921;Планета земного типа;1928;8.418;580
920;A4374;Карликовая планета;1976;1.76;456
921;A759;Экзопланета;1930;3.012;563
922;A2500;Карликовая планета;1934;3.762;681
923;A266;Экзопланета;1962;4.394;495
924;A876;Карликовая планета;1964;8.678;31
925;A4154;Звезда;1955;6.763;374
926;A792;Экзопланета;1946;4.026;668
927;A4269;Ледяной гигант;1943;8.544;184
928;A37;Экзопланета;1964;6.33;626
929;A3880;Экзопланета;1961;1.336;237
930;A1480;Звезда;1955;5.384;654
931;A3059;Планета земного типа;1968;8.184;308
932;A1977;Ледяной гигант;1940;9.464;46
933;A3161;Газовый гигант;1975;6.453;792
934;A479;Экзопланета;1968;1.847;822
935;A2474;Ледяной гигант;1923;6.148;936
936;A737;Ледяной гигант;1966;3.292;770
937;A619;Экзопланета;1941;9.138;749
938;A2432;Газовый гигант;1974;2.066;69
939;A3806;Звезда;1928;4.857;311
940;A306;Карликовая планета;1968;3.086;594
941;A606;Карликовая планета;1946;5.042;901
942;A4221;Ледяной гигант;1940;9.43;375
943;A455;Экзопланета;1972;4.052;520
944;A1762;Ледяной гигант;1930;4.218;818
945;A3257;Планета земного типа;1977;7.309;940
946;A285;Карликовая планета;1950;5.808;900
947;A3943;Ледяной гигант;1980;5.351;125
948;A3982;Ледяной гигант;1970;4.947;110
949;A4524;Ледяной гигант;1979;6.066;777
950;A646;Звезда;1976;2.439;585
951;A2029;Звезда;1944;9.042;887
952;A3342;Карликовая планета;1935;3.921;157
953;A2820;Карликовая планета;1957;4.731;393
954;A815;Карликовая планета;1925;1.8;638
955;A2360;Экзопланета;1979;8.45;934
956;A2363;Ледяной гигант;1976;4.02;722
957;A3498;Экзопланета;1961;5.374;565
958;A4245;Экзопланета;1976;8.681;688
959;A4662;Планета земного типа;1954;5.205;459
960;A3740;Газовый гигант;1977;3.095;101
961;A3150;Экзопланета;1932;9.671;424
962;A4929;Ледяной гигант;1970;2.163;542
963;A4260;Экзопланета;1929;2.862;341
964;A3159;Ледяной гигант;1946;6.447;220
965;A539;Планета земного типа;1978;5.987;202
966;A632;Карликовая планета;1966;6.652;624
967;A3083;Газовый гигант;1967;9.624;305
968;A3650;Экзопланета;1938;7.592;972
969;A4700;Ледяной гигант;1938;4.5;278
970;A1714;Планета земного типа;1971;5.257;166
971;A1063;Ледяной гигант;1979;7.928;704
972;A4157;Карликовая планета;1957;3.994;332
973;A2240;Ледяной гигант;1944;2.113;934
974;A2497;Ледяной гигант;1932;6.474;936
975;A729;Карликовая планета;1945;7.392;756
976;A4194;Ледяной гигант;1966;5.868;180
977;A4631;Экзопланета;1939;7.685;264
978;A2452;Экзопланета;1972;6.509;507
979;A3999;Планета земного типа;1955;5.405;50
980;A460;Экзопланета;1955;1.611;589
981;A235;Газовый гигант;1935;4.326;960
982;A2751;Карликовая планета;1976;1.408;577
983;A4018;Карликовая планета;1953;7.792;691
984;A151;Ледяной гигант;1926;2.984;138
985;A1426;Карликовая планета;1935;8.529;455
986;A2476;Газовый гигант;1978;1.882;586
987;A3502;Ледяной гигант;1945;2.445;774
988;A3826;Газовый гигант;1943;8.527;676
989;A3140;Планета земного типа;1925;3.317;563
990;A1888;Карликовая планета;1952;7.367;107
991;A3544;Карликовая планета;1933;2.451;732
992;A997;Экзопланета;1934;3.985;307
993;A4041;Газовый гигант;1928;4.496;204
994;A2401;Газовый гигант;1926;3.697;262
995;A1460;Газовый гигант;1939;4.667;784
996;A4830;Карликовая планета;1928;8.493;877
997;A2267;Планета земного типа;1923;2.717;351
998;A2222;Ледяной гигант;1940;4.361;38
999;A4019;Ледяной гигант;1938;9.122;859
1000;A613;Экзопланета;1929;4.122;511
